user_id,observed_purchases,predicted_purchases,residuals
12349.0,20,19,1
12351.0,1,19,-18
12352.0,2,19,-17
12357.0,24,19,5
12359.0,37,19,18
12370.0,6,19,-13
12378.0,4,19,-15
12380.0,4,19,-15
12387.0,2,19,-17
12388.0,7,19,-12
12391.0,6,19,-13
12393.0,1,19,-18
12396.0,2,19,-17
12409.0,64,19,45
12415.0,32,19,13
12417.0,8,19,-11
12422.0,12,19,-7
12431.0,2,19,-17
12439.0,2,19,-17
12455.0,13,19,-6
12460.0,2,19,-17
12472.0,4,19,-15
12474.0,10,19,-9
12476.0,19,19,0
12477.0,10,19,-9
12483.0,16,19,-3
12484.0,6,19,-13
12486.0,2,19,-17
12505.0,4,19,-15
12511.0,12,19,-7
12538.0,1,19,-18
12539.0,20,19,1
12562.0,12,19,-7
12573.0,2,19,-17
12582.0,16,19,-3
12586.0,13,19,-6
12595.0,6,19,-13
12600.0,4,19,-15
12608.0,4,19,-15
12609.0,3,19,-16
12615.0,2,19,-17
12629.0,16,19,-3
12631.0,18,19,-1
12633.0,26,19,7
12647.0,41,19,22
12653.0,52,19,33
12675.0,14,19,-5
12699.0,2,19,-17
12701.0,6,19,-13
12708.0,2,19,-17
12711.0,8,19,-11
12712.0,12,19,-7
12720.0,6,19,-13
12727.0,6,19,-13
12730.0,15,19,-4
12745.0,2,19,-17
12747.0,38,19,19
12748.0,86,19,67
12749.0,23,19,4
12751.0,1,19,-18
12759.0,12,19,-7
12766.0,6,19,-13
12771.0,2,19,-17
12779.0,8,19,-11
12784.0,21,19,2
12785.0,2,19,-17
12790.0,2,19,-17
12800.0,8,19,-11
12802.0,8,19,-11
12808.0,12,19,-7
12809.0,7,19,-12
12813.0,16,19,-3
12820.0,1,19,-18
12825.0,2,19,-17
12831.0,6,19,-13
12836.0,46,19,27
12837.0,6,19,-13
12838.0,12,19,-7
12839.0,28,19,9
12840.0,4,19,-15
12841.0,15,19,-4
12843.0,20,19,1
12844.0,1,19,-18
12849.0,7,19,-12
12851.0,2,19,-17
12853.0,2,19,-17
12854.0,12,19,-7
12855.0,12,19,-7
12857.0,24,19,5
12858.0,2,19,-17
12860.0,1,19,-18
12865.0,12,19,-7
12870.0,14,19,-5
12872.0,15,19,-4
12876.0,11,19,-8
12887.0,3,19,-16
12899.0,5,19,-14
12900.0,12,19,-7
12903.0,4,19,-15
12905.0,4,19,-15
12907.0,4,19,-15
12911.0,7,19,-12
12916.0,16,19,-3
12921.0,10,19,-9
12924.0,1,19,-18
12926.0,1,19,-18
12937.0,9,19,-10
12942.0,20,19,1
12949.0,106,19,87
12951.0,6,19,-13
12953.0,4,19,-15
12956.0,12,19,-7
12957.0,31,19,12
12958.0,6,19,-13
12970.0,2,19,-17
12972.0,8,19,-11
12973.0,2,19,-17
12975.0,7,19,-12
12977.0,1,19,-18
12978.0,4,19,-15
12987.0,16,19,-3
12991.0,2,19,-17
12993.0,8,19,-11
12996.0,6,19,-13
12997.0,2,19,-17
13001.0,5,19,-14
13004.0,11,19,-8
13008.0,8,19,-11
13012.0,8,19,-11
13013.0,20,19,1
13014.0,2,19,-17
13015.0,25,19,6
13018.0,6,19,-13
13023.0,19,19,0
13030.0,2,19,-17
13031.0,9,19,-10
13032.0,9,19,-10
13036.0,8,19,-11
13037.0,45,19,26
13039.0,6,19,-13
13044.0,18,19,-1
13047.0,56,19,37
13048.0,18,19,-1
13050.0,19,19,0
13052.0,4,19,-15
13056.0,3,19,-16
13065.0,12,19,-7
13067.0,4,19,-15
13069.0,10,19,-9
13073.0,4,19,-15
13078.0,8,19,-11
13081.0,22,19,3
13089.0,337,19,318
13090.0,7,19,-12
13093.0,201,19,182
13097.0,9,19,-10
13102.0,33,19,14
13107.0,6,19,-13
13110.0,7,19,-12
13113.0,40,19,21
13115.0,1,19,-18
13123.0,4,19,-15
13124.0,2,19,-17
13125.0,3,19,-16
13126.0,6,19,-13
13133.0,2,19,-17
13135.0,1,19,-18
13137.0,44,19,25
13138.0,2,19,-17
13140.0,1,19,-18
13141.0,2,19,-17
13148.0,42,19,23
13151.0,8,19,-11
13152.0,9,19,-10
13154.0,26,19,7
13156.0,3,19,-16
13161.0,12,19,-7
13167.0,12,19,-7
13168.0,4,19,-15
13169.0,22,19,3
13173.0,30,19,11
13174.0,31,19,12
13192.0,2,19,-17
13196.0,2,19,-17
13198.0,2,19,-17
13201.0,6,19,-13
13202.0,18,19,-1
13204.0,11,19,-8
13209.0,6,19,-13
13214.0,14,19,-5
13220.0,8,19,-11
13230.0,44,19,25
13234.0,1,19,-18
13237.0,6,19,-13
13239.0,2,19,-17
13240.0,6,19,-13
13241.0,1,19,-18
13246.0,3,19,-16
13252.0,2,19,-17
13253.0,12,19,-7
13257.0,1,19,-18
13259.0,2,19,-17
13262.0,1,19,-18
13263.0,1,19,-18
13264.0,2,19,-17
13266.0,4,19,-15
13267.0,12,19,-7
13276.0,3,19,-16
13280.0,4,19,-15
13283.0,4,19,-15
13286.0,2,19,-17
13291.0,20,19,1
13292.0,11,19,-8
13300.0,4,19,-15
13302.0,1,19,-18
13313.0,4,19,-15
13316.0,1,19,-18
13317.0,7,19,-12
13319.0,21,19,2
13327.0,8,19,-11
13329.0,24,19,5
13334.0,3,19,-16
13337.0,4,19,-15
13338.0,31,19,12
13340.0,24,19,5
13357.0,18,19,-1
13360.0,7,19,-12
13362.0,3,19,-16
13363.0,6,19,-13
13370.0,2,19,-17
13371.0,4,19,-15
13373.0,2,19,-17
13375.0,8,19,-11
13377.0,3,19,-16
13381.0,33,19,14
13382.0,4,19,-15
13388.0,2,19,-17
13394.0,12,19,-7
13402.0,17,19,-2
13405.0,48,19,29
13408.0,196,19,177
13412.0,1,19,-18
13421.0,1,19,-18
13425.0,2,19,-17
13431.0,4,19,-15
13432.0,5,19,-14
13435.0,18,19,-1
13439.0,3,19,-16
13442.0,1,19,-18
13450.0,14,19,-5
13451.0,9,19,-10
13453.0,8,19,-11
13455.0,6,19,-13
13462.0,8,19,-11
13466.0,7,19,-12
13468.0,16,19,-3
13473.0,2,19,-17
13474.0,2,19,-17
13478.0,4,19,-15
13479.0,6,19,-13
13480.0,8,19,-11
13485.0,12,19,-7
13488.0,90,19,71
13490.0,2,19,-17
13491.0,6,19,-13
13495.0,28,19,9
13497.0,10,19,-9
13500.0,2,19,-17
13502.0,10,19,-9
13510.0,12,19,-7
13514.0,10,19,-9
13515.0,4,19,-15
13516.0,1,19,-18
13523.0,12,19,-7
13527.0,20,19,1
13531.0,10,19,-9
13534.0,3,19,-16
13538.0,15,19,-4
13539.0,2,19,-17
13540.0,1,19,-18
13541.0,27,19,8
13542.0,1,19,-18
13543.0,22,19,3
13544.0,1,19,-18
13545.0,2,19,-17
13546.0,16,19,-3
13547.0,1,19,-18
13548.0,4,19,-15
13554.0,4,19,-15
13561.0,3,19,-16
13562.0,8,19,-11
13564.0,74,19,55
13566.0,2,19,-17
13567.0,2,19,-17
13571.0,8,19,-11
13576.0,14,19,-5
13589.0,3,19,-16
13590.0,7,19,-12
13591.0,4,19,-15
13593.0,24,19,5
13595.0,4,19,-15
13599.0,64,19,45
13601.0,3,19,-16
13602.0,8,19,-11
13607.0,4,19,-15
13609.0,5,19,-14
13610.0,8,19,-11
13611.0,10,19,-9
13613.0,4,19,-15
13614.0,6,19,-13
13615.0,6,19,-13
13623.0,5,19,-14
13624.0,6,19,-13
13625.0,1,19,-18
13626.0,2,19,-17
13627.0,3,19,-16
13632.0,15,19,-4
13634.0,16,19,-3
13642.0,2,19,-17
13646.0,4,19,-15
13647.0,2,19,-17
13648.0,1,19,-18
13649.0,1,19,-18
13650.0,10,19,-9
13651.0,2,19,-17
13655.0,3,19,-16
13656.0,3,19,-16
13659.0,13,19,-6
13660.0,8,19,-11
13662.0,4,19,-15
13663.0,5,19,-14
13668.0,43,19,24
13674.0,6,19,-13
13676.0,1,19,-18
13677.0,8,19,-11
13680.0,5,19,-14
13693.0,24,19,5
13694.0,586,19,567
13696.0,8,19,-11
13705.0,2,19,-17
13706.0,1,19,-18
13709.0,4,19,-15
13711.0,12,19,-7
13713.0,5,19,-14
13717.0,6,19,-13
13719.0,13,19,-6
13722.0,4,19,-15
13727.0,24,19,5
13729.0,2,19,-17
13733.0,4,19,-15
13735.0,3,19,-16
13736.0,5,19,-14
13738.0,2,19,-17
13746.0,8,19,-11
13752.0,2,19,-17
13758.0,14,19,-5
13763.0,36,19,17
13764.0,1,19,-18
13767.0,34,19,15
13768.0,2,19,-17
13769.0,15,19,-4
13771.0,2,19,-17
13772.0,13,19,-6
13773.0,6,19,-13
13775.0,1,19,-18
13777.0,480,19,461
13778.0,6,19,-13
13779.0,1,19,-18
13782.0,6,19,-13
13786.0,3,19,-16
13787.0,6,19,-13
13795.0,1,19,-18
13797.0,11,19,-8
13800.0,6,19,-13
13802.0,6,19,-13
13804.0,6,19,-13
13807.0,9,19,-10
13813.0,4,19,-15
13814.0,2,19,-17
13820.0,8,19,-11
13821.0,6,19,-13
13823.0,21,19,2
13825.0,1,19,-18
13830.0,3,19,-16
13831.0,46,19,27
13838.0,4,19,-15
13842.0,20,19,1
13849.0,2,19,-17
13854.0,12,19,-7
13856.0,6,19,-13
13859.0,2,19,-17
13862.0,4,19,-15
13869.0,32,19,13
13870.0,2,19,-17
13872.0,1,19,-18
13873.0,8,19,-11
13874.0,50,19,31
13875.0,13,19,-6
13878.0,2,19,-17
13880.0,2,19,-17
13881.0,26,19,7
13883.0,2,19,-17
13884.0,1,19,-18
13888.0,12,19,-7
13891.0,6,19,-13
13895.0,21,19,2
13900.0,2,19,-17
13901.0,24,19,5
13911.0,11,19,-8
13920.0,2,19,-17
13921.0,5,19,-14
13929.0,16,19,-3
13943.0,1,19,-18
13944.0,2,19,-17
13945.0,4,19,-15
13952.0,20,19,1
13957.0,3,19,-16
13958.0,46,19,27
13969.0,24,19,5
13971.0,12,19,-7
13975.0,7,19,-12
13979.0,7,19,-12
13980.0,7,19,-12
13985.0,12,19,-7
13988.0,1,19,-18
13993.0,12,19,-7
13997.0,2,19,-17
13998.0,2,19,-17
13999.0,19,19,0
14000.0,24,19,5
14004.0,8,19,-11
14016.0,26,19,7
14017.0,4,19,-15
14018.0,16,19,-3
14020.0,10,19,-9
14021.0,4,19,-15
14022.0,4,19,-15
14025.0,42,19,23
14026.0,12,19,-7
14030.0,9,19,-10
14031.0,71,19,52
14040.0,5,19,-14
14043.0,1,19,-18
14044.0,2,19,-17
14049.0,15,19,-4
14058.0,9,19,-10
14060.0,7,19,-12
14065.0,3,19,-16
14068.0,2,19,-17
14069.0,1,19,-18
14070.0,4,19,-15
14078.0,5,19,-14
14080.0,4,19,-15
14081.0,4,19,-15
14085.0,22,19,3
14087.0,2,19,-17
14088.0,47,19,28
14092.0,14,19,-5
14094.0,1,19,-18
14099.0,3,19,-16
14113.0,98,19,79
14123.0,1,19,-18
14134.0,142,19,123
14146.0,26,19,7
14154.0,7,19,-12
14156.0,502,19,483
14157.0,12,19,-7
14159.0,1,19,-18
14161.0,23,19,4
14169.0,6,19,-13
14170.0,2,19,-17
14172.0,2,19,-17
14175.0,14,19,-5
14177.0,8,19,-11
14180.0,29,19,10
14181.0,13,19,-6
14182.0,4,19,-15
14189.0,4,19,-15
14194.0,18,19,-1
14197.0,2,19,-17
14198.0,5,19,-14
14199.0,6,19,-13
14200.0,12,19,-7
14201.0,2,19,-17
14203.0,2,19,-17
14208.0,3,19,-16
14209.0,55,19,36
14210.0,4,19,-15
14211.0,7,19,-12
14215.0,9,19,-10
14216.0,4,19,-15
14217.0,37,19,18
14219.0,2,19,-17
14220.0,106,19,87
14221.0,54,19,35
14224.0,2,19,-17
14225.0,9,19,-10
14227.0,2,19,-17
14228.0,2,19,-17
14229.0,15,19,-4
14230.0,4,19,-15
14235.0,3,19,-16
14236.0,4,19,-15
14239.0,2,19,-17
14240.0,1,19,-18
14243.0,22,19,3
14247.0,1,19,-18
14249.0,12,19,-7
14253.0,1,19,-18
14256.0,14,19,-5
14258.0,253,19,234
14260.0,10,19,-9
14264.0,24,19,5
14265.0,6,19,-13
14269.0,2,19,-17
14275.0,68,19,49
14277.0,10,19,-9
14284.0,5,19,-14
14291.0,4,19,-15
14293.0,4,19,-15
14295.0,10,19,-9
14298.0,52,19,33
14299.0,204,19,185
14304.0,11,19,-8
14307.0,8,19,-11
14312.0,6,19,-13
14320.0,15,19,-4
14322.0,2,19,-17
14325.0,8,19,-11
14329.0,45,19,26
14332.0,36,19,17
14334.0,2,19,-17
14341.0,18,19,-1
14342.0,2,19,-17
14343.0,7,19,-12
14344.0,39,19,20
14346.0,2,19,-17
14350.0,19,19,0
14353.0,2,19,-17
14361.0,4,19,-15
14363.0,29,19,10
14370.0,23,19,4
14375.0,6,19,-13
14379.0,1,19,-18
14395.0,8,19,-11
14396.0,15,19,-4
14399.0,17,19,-2
14403.0,12,19,-7
14404.0,1,19,-18
14410.0,2,19,-17
14415.0,41,19,22
14417.0,1,19,-18
14419.0,2,19,-17
14422.0,38,19,19
14423.0,4,19,-15
14425.0,8,19,-11
14426.0,16,19,-3
14439.0,24,19,5
14440.0,91,19,72
14441.0,21,19,2
14442.0,31,19,12
14443.0,7,19,-12
14445.0,2,19,-17
14449.0,7,19,-12
14452.0,6,19,-13
14454.0,17,19,-2
14459.0,14,19,-5
14461.0,33,19,14
14462.0,3,19,-16
14463.0,15,19,-4
14466.0,1,19,-18
14467.0,13,19,-6
14468.0,2,19,-17
14469.0,9,19,-10
14470.0,4,19,-15
14472.0,2,19,-17
14475.0,20,19,1
14478.0,1,19,-18
14482.0,3,19,-16
14484.0,24,19,5
14492.0,18,19,-1
14493.0,3,19,-16
14498.0,8,19,-11
14499.0,5,19,-14
14505.0,58,19,39
14506.0,3,19,-16
14507.0,13,19,-6
14509.0,1,19,-18
14510.0,1,19,-18
14512.0,10,19,-9
14514.0,26,19,7
14524.0,4,19,-15
14525.0,11,19,-8
14527.0,46,19,27
14530.0,50,19,31
14532.0,8,19,-11
14534.0,3,19,-16
14535.0,2,19,-17
14538.0,8,19,-11
14540.0,10,19,-9
14543.0,39,19,20
14545.0,4,19,-15
14546.0,9,19,-10
14548.0,8,19,-11
14550.0,1,19,-18
14551.0,1,19,-18
14552.0,3,19,-16
14553.0,1,19,-18
14555.0,12,19,-7
14556.0,3,19,-16
14558.0,12,19,-7
14562.0,4,19,-15
14572.0,4,19,-15
14573.0,7,19,-12
14583.0,2,19,-17
14593.0,23,19,4
14599.0,2,19,-17
14600.0,4,19,-15
14606.0,41,19,22
14618.0,3,19,-16
14619.0,32,19,13
14621.0,8,19,-11
14623.0,2,19,-17
14625.0,27,19,8
14628.0,4,19,-15
14634.0,4,19,-15
14639.0,9,19,-10
14640.0,10,19,-9
14644.0,1,19,-18
14646.0,1152,19,1133
14647.0,5,19,-14
14648.0,3,19,-16
14649.0,15,19,-4
14651.0,7,19,-12
14653.0,9,19,-10
14656.0,2,19,-17
14657.0,6,19,-13
14662.0,2,19,-17
14665.0,14,19,-5
14667.0,3,19,-16
14669.0,4,19,-15
14672.0,2,19,-17
14673.0,6,19,-13
14678.0,4,19,-15
14679.0,2,19,-17
14682.0,13,19,-6
14686.0,1,19,-18
14687.0,59,19,40
14688.0,1,19,-18
14690.0,2,19,-17
14692.0,2,19,-17
14693.0,15,19,-4
14694.0,5,19,-14
14695.0,13,19,-6
14701.0,4,19,-15
14702.0,8,19,-11
14704.0,2,19,-17
14709.0,2,19,-17
14710.0,3,19,-16
14715.0,7,19,-12
14717.0,1,19,-18
14723.0,2,19,-17
14729.0,2,19,-17
14732.0,7,19,-12
14733.0,30,19,11
14734.0,4,19,-15
14735.0,38,19,19
14737.0,48,19,29
14738.0,6,19,-13
14740.0,23,19,4
14741.0,36,19,17
14744.0,22,19,3
14745.0,3,19,-16
14751.0,6,19,-13
14754.0,14,19,-5
14755.0,33,19,14
14756.0,6,19,-13
14758.0,13,19,-6
14766.0,9,19,-10
14767.0,4,19,-15
14769.0,20,19,1
14770.0,10,19,-9
14777.0,1,19,-18
14796.0,3,19,-16
14817.0,40,19,21
14818.0,4,19,-15
14825.0,6,19,-13
14831.0,12,19,-7
14834.0,2,19,-17
14837.0,15,19,-4
14839.0,2,19,-17
14847.0,6,19,-13
14849.0,9,19,-10
14850.0,4,19,-15
14852.0,2,19,-17
14857.0,4,19,-15
14861.0,8,19,-11
14867.0,63,19,44
14869.0,2,19,-17
14870.0,46,19,27
14871.0,7,19,-12
14875.0,2,19,-17
14876.0,8,19,-11
14877.0,1,19,-18
14878.0,14,19,-5
14879.0,2,19,-17
14882.0,13,19,-6
14895.0,84,19,65
14896.0,1,19,-18
14897.0,2,19,-17
14898.0,10,19,-9
14899.0,4,19,-15
14901.0,3,19,-16
14902.0,3,19,-16
14907.0,8,19,-11
14909.0,8,19,-11
14911.0,416,19,397
14913.0,24,19,5
14916.0,28,19,9
14918.0,39,19,20
14919.0,36,19,17
14920.0,2,19,-17
14922.0,10,19,-9
14927.0,2,19,-17
14930.0,6,19,-13
14936.0,14,19,-5
14944.0,18,19,-1
14947.0,5,19,-14
14952.0,58,19,39
14961.0,75,19,56
14962.0,12,19,-7
14963.0,1,19,-18
14966.0,1,19,-18
14967.0,64,19,45
14968.0,2,19,-17
14975.0,1,19,-18
14978.0,6,19,-13
14994.0,7,19,-12
14998.0,2,19,-17
15001.0,1,19,-18
15002.0,15,19,-4
15003.0,4,19,-15
15005.0,34,19,15
15011.0,10,19,-9
15012.0,3,19,-16
15013.0,2,19,-17
15016.0,1,19,-18
15021.0,6,19,-13
15023.0,36,19,17
15024.0,3,19,-16
15026.0,6,19,-13
15030.0,6,19,-13
15031.0,14,19,-5
15034.0,12,19,-7
15038.0,8,19,-11
15039.0,46,19,27
15044.0,25,19,6
15046.0,18,19,-1
15050.0,16,19,-3
15051.0,12,19,-7
15059.0,13,19,-6
15067.0,6,19,-13
15071.0,3,19,-16
15073.0,20,19,1
15076.0,5,19,-14
15081.0,9,19,-10
15082.0,6,19,-13
15084.0,2,19,-17
15086.0,8,19,-11
15097.0,2,19,-17
15101.0,13,19,-6
15105.0,4,19,-15
15107.0,8,19,-11
15109.0,4,19,-15
15111.0,3,19,-16
15114.0,6,19,-13
15122.0,17,19,-2
15123.0,10,19,-9
15126.0,2,19,-17
15129.0,12,19,-7
15138.0,6,19,-13
15142.0,2,19,-17
15144.0,2,19,-17
15149.0,7,19,-12
15150.0,36,19,17
15151.0,4,19,-15
15154.0,7,19,-12
15159.0,6,19,-13
15165.0,1,19,-18
15167.0,21,19,2
15169.0,3,19,-16
15173.0,14,19,-5
15179.0,10,19,-9
15181.0,72,19,53
15182.0,45,19,26
15183.0,6,19,-13
15186.0,30,19,11
15190.0,2,19,-17
15192.0,4,19,-15
15198.0,2,19,-17
15200.0,12,19,-7
15210.0,2,19,-17
15211.0,2,19,-17
15215.0,4,19,-15
15217.0,5,19,-14
15221.0,6,19,-13
15227.0,15,19,-4
15235.0,9,19,-10
15245.0,12,19,-7
15246.0,4,19,-15
15248.0,12,19,-7
15251.0,50,19,31
15252.0,12,19,-7
15253.0,3,19,-16
15254.0,33,19,14
15260.0,26,19,7
15261.0,8,19,-11
15264.0,7,19,-12
15265.0,4,19,-15
15266.0,2,19,-17
15270.0,88,19,69
15271.0,15,19,-4
15272.0,8,19,-11
15276.0,5,19,-14
15281.0,20,19,1
15283.0,2,19,-17
15288.0,17,19,-2
15291.0,65,19,46
15293.0,8,19,-11
15296.0,8,19,-11
15301.0,18,19,-1
15303.0,2,19,-17
15304.0,3,19,-16
15306.0,12,19,-7
15311.0,112,19,93
15312.0,27,19,8
15321.0,20,19,1
15325.0,3,19,-16
15326.0,1,19,-18
15337.0,1,19,-18
15339.0,2,19,-17
15346.0,14,19,-5
15351.0,5,19,-14
15352.0,2,19,-17
15353.0,6,19,-13
15356.0,1,19,-18
15358.0,2,19,-17
15363.0,4,19,-15
15365.0,4,19,-15
15390.0,12,19,-7
15393.0,2,19,-17
15394.0,8,19,-11
15400.0,8,19,-11
15405.0,1,19,-18
15409.0,6,19,-13
15420.0,3,19,-16
15421.0,7,19,-12
15425.0,8,19,-11
15426.0,3,19,-16
15430.0,2,19,-17
15441.0,6,19,-13
15443.0,7,19,-12
15447.0,3,19,-16
15448.0,4,19,-15
15462.0,2,19,-17
15465.0,15,19,-4
15468.0,2,19,-17
15476.0,8,19,-11
15478.0,2,19,-17
15480.0,20,19,1
15481.0,24,19,5
15482.0,98,19,79
15484.0,9,19,-10
15489.0,38,19,19
15493.0,1,19,-18
15494.0,1,19,-18
15497.0,19,19,0
15498.0,14,19,-5
15501.0,1,19,-18
15502.0,14,19,-5
15525.0,2,19,-17
15527.0,4,19,-15
15532.0,18,19,-1
15542.0,1,19,-18
15547.0,50,19,31
15550.0,4,19,-15
15551.0,11,19,-8
15555.0,31,19,12
15559.0,1,19,-18
15563.0,4,19,-15
15569.0,1,19,-18
15570.0,45,19,26
15571.0,22,19,3
15572.0,9,19,-10
15573.0,1,19,-18
15579.0,1,19,-18
15580.0,2,19,-17
15581.0,6,19,-13
15590.0,16,19,-3
15597.0,8,19,-11
15600.0,8,19,-11
15602.0,4,19,-15
15615.0,7,19,-12
15622.0,17,19,-2
15623.0,6,19,-13
15628.0,3,19,-16
15636.0,8,19,-11
15639.0,6,19,-13
15640.0,40,19,21
15641.0,6,19,-13
15652.0,8,19,-11
15658.0,4,19,-15
15660.0,24,19,5
15661.0,8,19,-11
15664.0,9,19,-10
15665.0,9,19,-10
15670.0,11,19,-8
15674.0,35,19,16
15678.0,14,19,-5
15680.0,9,19,-10
15681.0,22,19,3
15691.0,14,19,-5
15695.0,5,19,-14
15696.0,12,19,-7
15704.0,4,19,-15
15708.0,14,19,-5
15710.0,1,19,-18
15712.0,8,19,-11
15715.0,4,19,-15
15716.0,1,19,-18
15719.0,14,19,-5
15727.0,2,19,-17
15742.0,1,19,-18
15750.0,11,19,-8
15751.0,9,19,-10
15752.0,13,19,-6
15755.0,11,19,-8
15757.0,24,19,5
15768.0,159,19,140
15770.0,4,19,-15
15772.0,12,19,-7
15774.0,3,19,-16
15778.0,2,19,-17
15784.0,2,19,-17
15786.0,13,19,-6
15789.0,8,19,-11
15796.0,25,19,6
15798.0,14,19,-5
15799.0,4,19,-15
15805.0,2,19,-17
15808.0,169,19,150
15811.0,6,19,-13
15817.0,12,19,-7
15819.0,8,19,-11
15822.0,30,19,11
15827.0,1,19,-18
15828.0,13,19,-6
15834.0,8,19,-11
15842.0,5,19,-14
15845.0,18,19,-1
15848.0,2,19,-17
15850.0,1,19,-18
15856.0,34,19,15
15858.0,2,19,-17
15859.0,6,19,-13
15861.0,8,19,-11
15862.0,9,19,-10
15863.0,2,19,-17
15867.0,10,19,-9
15870.0,2,19,-17
15874.0,38,19,19
15879.0,1,19,-18
15880.0,1,19,-18
15884.0,2,19,-17
15887.0,2,19,-17
15888.0,2,19,-17
15889.0,1,19,-18
15898.0,12,19,-7
15906.0,18,19,-1
15916.0,4,19,-15
15919.0,3,19,-16
15921.0,2,19,-17
15934.0,6,19,-13
15944.0,36,19,17
15953.0,2,19,-17
15957.0,1,19,-18
15967.0,9,19,-10
15972.0,9,19,-10
15976.0,2,19,-17
15982.0,2,19,-17
15984.0,1,19,-18
15987.0,1,19,-18
15988.0,5,19,-14
15989.0,4,19,-15
15990.0,5,19,-14
15991.0,10,19,-9
15994.0,1,19,-18
15998.0,7,19,-12
16001.0,8,19,-11
16003.0,44,19,25
16005.0,2,19,-17
16006.0,3,19,-16
16007.0,10,19,-9
16011.0,1,19,-18
16012.0,6,19,-13
16014.0,2,19,-17
16016.0,3,19,-16
16019.0,192,19,173
16029.0,320,19,301
16033.0,4,19,-15
16034.0,1,19,-18
16035.0,9,19,-10
16039.0,4,19,-15
16040.0,4,19,-15
16043.0,2,19,-17
16046.0,1,19,-18
16049.0,2,19,-17
16053.0,4,19,-15
16054.0,22,19,3
16057.0,3,19,-16
16059.0,9,19,-10
16062.0,4,19,-15
16064.0,4,19,-15
16065.0,4,19,-15
16071.0,4,19,-15
16072.0,22,19,3
16074.0,3,19,-16
16075.0,7,19,-12
16081.0,10,19,-9
16082.0,2,19,-17
16083.0,12,19,-7
16085.0,3,19,-16
16086.0,1,19,-18
16092.0,6,19,-13
16094.0,10,19,-9
16098.0,4,19,-15
16101.0,4,19,-15
16103.0,92,19,73
16104.0,2,19,-17
16115.0,8,19,-11
16117.0,2,19,-17
16119.0,104,19,85
16121.0,1,19,-18
16124.0,12,19,-7
16125.0,6,19,-13
16126.0,4,19,-15
16127.0,2,19,-17
16128.0,4,19,-15
16130.0,11,19,-8
16131.0,24,19,5
16133.0,45,19,26
16135.0,4,19,-15
16138.0,4,19,-15
16145.0,2,19,-17
16147.0,12,19,-7
16150.0,7,19,-12
16153.0,2,19,-17
16156.0,12,19,-7
16158.0,8,19,-11
16161.0,3,19,-16
16163.0,26,19,7
16167.0,2,19,-17
16168.0,18,19,-1
16170.0,6,19,-13
16176.0,10,19,-9
16177.0,13,19,-6
16190.0,39,19,20
16191.0,89,19,70
16193.0,6,19,-13
16194.0,2,19,-17
16197.0,4,19,-15
16200.0,2,19,-17
16202.0,22,19,3
16206.0,13,19,-6
16208.0,24,19,5
16210.0,4,19,-15
16214.0,4,19,-15
16222.0,4,19,-15
16223.0,13,19,-6
16224.0,2,19,-17
16225.0,8,19,-11
16227.0,12,19,-7
16231.0,2,19,-17
16235.0,15,19,-4
16241.0,7,19,-12
16242.0,11,19,-8
16244.0,8,19,-11
16246.0,1,19,-18
16255.0,19,19,0
16266.0,9,19,-10
16269.0,1,19,-18
16271.0,22,19,3
16274.0,2,19,-17
16275.0,5,19,-14
16277.0,1,19,-18
16279.0,33,19,14
16283.0,5,19,-14
16288.0,8,19,-11
16290.0,1,19,-18
16292.0,7,19,-12
16293.0,4,19,-15
16296.0,10,19,-9
16300.0,12,19,-7
16304.0,6,19,-13
16314.0,8,19,-11
16315.0,2,19,-17
16316.0,4,19,-15
16317.0,8,19,-11
16320.0,4,19,-15
16325.0,2,19,-17
16326.0,8,19,-11
16327.0,7,19,-12
16330.0,3,19,-16
16332.0,4,19,-15
16335.0,14,19,-5
16340.0,1,19,-18
16341.0,8,19,-11
16347.0,10,19,-9
16350.0,12,19,-7
16351.0,20,19,1
16354.0,2,19,-17
16355.0,4,19,-15
16359.0,21,19,2
16365.0,7,19,-12
16367.0,3,19,-16
16369.0,34,19,15
16372.0,2,19,-17
16374.0,6,19,-13
16381.0,3,19,-16
16383.0,2,19,-17
16387.0,2,19,-17
16390.0,10,19,-9
16391.0,5,19,-14
16393.0,1,19,-18
16397.0,4,19,-15
16402.0,5,19,-14
16406.0,2,19,-17
16407.0,9,19,-10
16409.0,3,19,-16
16412.0,4,19,-15
16414.0,5,19,-14
16416.0,8,19,-11
16421.0,6,19,-13
16422.0,82,19,63
16434.0,7,19,-12
16435.0,10,19,-9
16436.0,2,19,-17
16444.0,85,19,66
16445.0,2,19,-17
16451.0,6,19,-13
16456.0,5,19,-14
16458.0,20,19,1
16466.0,12,19,-7
16469.0,1,19,-18
16470.0,1,19,-18
16471.0,4,19,-15
16497.0,54,19,35
16499.0,7,19,-12
16500.0,5,19,-14
16501.0,2,19,-17
16503.0,4,19,-15
16508.0,1,19,-18
16511.0,1,19,-18
16515.0,8,19,-11
16518.0,2,19,-17
16520.0,8,19,-11
16521.0,1,19,-18
16522.0,3,19,-16
16524.0,3,19,-16
16525.0,72,19,53
16526.0,2,19,-17
16527.0,8,19,-11
16531.0,2,19,-17
16534.0,3,19,-16
16539.0,35,19,16
16546.0,10,19,-9
16549.0,16,19,-3
16552.0,3,19,-16
16553.0,12,19,-7
16554.0,30,19,11
16556.0,14,19,-5
16558.0,8,19,-11
16560.0,4,19,-15
16563.0,76,19,57
16570.0,6,19,-13
16571.0,3,19,-16
16574.0,12,19,-7
16585.0,18,19,-1
16595.0,2,19,-17
16600.0,3,19,-16
16602.0,3,19,-16
16606.0,8,19,-11
16607.0,24,19,5
16608.0,12,19,-7
16611.0,5,19,-14
16612.0,10,19,-9
16619.0,6,19,-13
16620.0,14,19,-5
16628.0,2,19,-17
16631.0,3,19,-16
16634.0,23,19,4
16638.0,3,19,-16
16642.0,14,19,-5
16649.0,1,19,-18
16650.0,4,19,-15
16652.0,127,19,108
16656.0,16,19,-3
16664.0,2,19,-17
16668.0,2,19,-17
16670.0,2,19,-17
16676.0,5,19,-14
16680.0,8,19,-11
16693.0,2,19,-17
16699.0,24,19,5
16702.0,16,19,-3
16705.0,54,19,35
16709.0,1,19,-18
16710.0,11,19,-8
16711.0,48,19,29
16712.0,27,19,8
16713.0,95,19,76
16717.0,16,19,-3
16719.0,1,19,-18
16732.0,2,19,-17
16735.0,24,19,5
16736.0,6,19,-13
16743.0,1,19,-18
16746.0,8,19,-11
16755.0,5,19,-14
16756.0,7,19,-12
16757.0,12,19,-7
16765.0,2,19,-17
16769.0,4,19,-15
16770.0,2,19,-17
16771.0,10,19,-9
16772.0,10,19,-9
16773.0,2,19,-17
16774.0,10,19,-9
16775.0,6,19,-13
16779.0,30,19,11
16781.0,2,19,-17
16782.0,34,19,15
16785.0,5,19,-14
16787.0,2,19,-17
16788.0,7,19,-12
16792.0,7,19,-12
16794.0,1,19,-18
16795.0,8,19,-11
16797.0,10,19,-9
16798.0,8,19,-11
16810.0,1,19,-18
16814.0,56,19,37
16819.0,1,19,-18
16821.0,2,19,-17
16823.0,12,19,-7
16830.0,23,19,4
16835.0,2,19,-17
16839.0,15,19,-4
16841.0,4,19,-15
16844.0,15,19,-4
16845.0,2,19,-17
16846.0,8,19,-11
16860.0,19,19,0
16875.0,11,19,-8
16880.0,4,19,-15
16883.0,6,19,-13
16884.0,8,19,-11
16885.0,1,19,-18
16891.0,5,19,-14
16892.0,1,19,-18
16894.0,6,19,-13
16895.0,1,19,-18
16901.0,2,19,-17
16903.0,1,19,-18
16904.0,2,19,-17
16906.0,11,19,-8
16907.0,2,19,-17
16912.0,2,19,-17
16916.0,1,19,-18
16918.0,7,19,-12
16919.0,2,19,-17
16920.0,16,19,-3
16923.0,4,19,-15
16926.0,3,19,-16
16928.0,4,19,-15
16932.0,1,19,-18
16933.0,14,19,-5
16934.0,2,19,-17
16938.0,10,19,-9
16939.0,1,19,-18
16940.0,13,19,-6
16945.0,8,19,-11
16950.0,25,19,6
16952.0,2,19,-17
16960.0,1,19,-18
16977.0,4,19,-15
16978.0,10,19,-9
16979.0,2,19,-17
16984.0,16,19,-3
16986.0,33,19,14
16987.0,4,19,-15
16988.0,2,19,-17
16992.0,52,19,33
16993.0,83,19,64
17001.0,8,19,-11
17002.0,4,19,-15
17003.0,1,19,-18
17019.0,1,19,-18
17023.0,14,19,-5
17028.0,4,19,-15
17032.0,20,19,1
17036.0,2,19,-17
17039.0,2,19,-17
17041.0,3,19,-16
17043.0,1,19,-18
17044.0,144,19,125
17045.0,2,19,-17
17048.0,28,19,9
17049.0,19,19,0
17057.0,1,19,-18
17059.0,13,19,-6
17068.0,1,19,-18
17070.0,1,19,-18
17075.0,13,19,-6
17081.0,2,19,-17
17082.0,24,19,5
17084.0,10,19,-9
17085.0,37,19,18
17095.0,8,19,-11
17096.0,8,19,-11
17101.0,1,19,-18
17106.0,4,19,-15
17107.0,10,19,-9
17109.0,2,19,-17
17113.0,6,19,-13
17115.0,3,19,-16
17123.0,4,19,-15
17132.0,9,19,-10
17134.0,4,19,-15
17137.0,4,19,-15
17138.0,23,19,4
17139.0,11,19,-8
17141.0,3,19,-16
17143.0,3,19,-16
17145.0,2,19,-17
17146.0,26,19,7
17150.0,17,19,-2
17161.0,4,19,-15
17171.0,2,19,-17
17176.0,6,19,-13
17177.0,1,19,-18
17188.0,8,19,-11
17190.0,2,19,-17
17191.0,43,19,24
17193.0,4,19,-15
17194.0,1,19,-18
17196.0,1,19,-18
17201.0,2,19,-17
17203.0,1,19,-18
17204.0,4,19,-15
17211.0,5,19,-14
17213.0,23,19,4
17218.0,2,19,-17
17220.0,3,19,-16
17222.0,3,19,-16
17228.0,2,19,-17
17230.0,18,19,-1
17231.0,25,19,6
17236.0,12,19,-7
17238.0,1,19,-18
17239.0,15,19,-4
17241.0,17,19,-2
17243.0,15,19,-4
17255.0,1,19,-18
17259.0,2,19,-17
17261.0,1,19,-18
17264.0,2,19,-17
17268.0,57,19,38
17271.0,1,19,-18
17274.0,4,19,-15
17276.0,3,19,-16
17278.0,4,19,-15
17282.0,1,19,-18
17283.0,5,19,-14
17287.0,26,19,7
17288.0,2,19,-17
17289.0,1,19,-18
17293.0,7,19,-12
17311.0,7,19,-12
17314.0,4,19,-15
17315.0,7,19,-12
17318.0,1,19,-18
17320.0,8,19,-11
17321.0,1,19,-18
17324.0,1,19,-18
17325.0,2,19,-17
17332.0,3,19,-16
17338.0,20,19,1
17340.0,13,19,-6
17343.0,16,19,-3
17346.0,5,19,-14
17349.0,1,19,-18
17350.0,1,19,-18
17360.0,1,19,-18
17362.0,1,19,-18
17364.0,27,19,8
17365.0,6,19,-13
17368.0,1,19,-18
17372.0,14,19,-5
17377.0,7,19,-12
17389.0,192,19,173
17402.0,3,19,-16
17406.0,100,19,81
17411.0,12,19,-7
17416.0,27,19,8
17419.0,31,19,12
17426.0,14,19,-5
17428.0,29,19,10
17430.0,4,19,-15
17432.0,1,19,-18
17433.0,7,19,-12
17437.0,2,19,-17
17438.0,19,19,0
17442.0,13,19,-6
17448.0,81,19,62
17449.0,12,19,-7
17450.0,16,19,-3
17454.0,6,19,-13
17458.0,3,19,-16
17470.0,8,19,-11
17471.0,4,19,-15
17473.0,3,19,-16
17476.0,8,19,-11
17482.0,3,19,-16
17490.0,6,19,-13
17491.0,2,19,-17
17493.0,2,19,-17
17497.0,2,19,-17
17504.0,32,19,13
17508.0,19,19,0
17511.0,129,19,110
17512.0,8,19,-11
17515.0,21,19,2
17516.0,1,19,-18
17519.0,8,19,-11
17526.0,4,19,-15
17529.0,4,19,-15
17531.0,12,19,-7
17539.0,2,19,-17
17540.0,24,19,5
17547.0,4,19,-15
17550.0,23,19,4
17558.0,1,19,-18
17561.0,1,19,-18
17572.0,30,19,11
17575.0,4,19,-15
17576.0,4,19,-15
17578.0,9,19,-10
17581.0,32,19,13
17584.0,96,19,77
17585.0,2,19,-17
17589.0,37,19,18
17591.0,7,19,-12
17593.0,4,19,-15
17596.0,13,19,-6
17598.0,72,19,53
17604.0,4,19,-15
17609.0,2,19,-17
17610.0,10,19,-9
17611.0,11,19,-8
17612.0,12,19,-7
17615.0,6,19,-13
17618.0,4,19,-15
17621.0,26,19,7
17623.0,9,19,-10
17624.0,2,19,-17
17625.0,36,19,17
17626.0,4,19,-15
17639.0,2,19,-17
17640.0,64,19,45
17644.0,3,19,-16
17646.0,43,19,24
17651.0,20,19,1
17663.0,43,19,24
17667.0,32,19,13
17669.0,4,19,-15
17671.0,1,19,-18
17672.0,2,19,-17
17673.0,3,19,-16
17675.0,234,19,215
17677.0,12,19,-7
17678.0,1,19,-18
17686.0,6,19,-13
17687.0,6,19,-13
17688.0,3,19,-16
17690.0,1,19,-18
17696.0,40,19,21
17699.0,9,19,-10
17700.0,7,19,-12
17706.0,102,19,83
17713.0,11,19,-8
17714.0,8,19,-11
17716.0,27,19,8
17720.0,4,19,-15
17728.0,8,19,-11
17729.0,8,19,-11
17730.0,6,19,-13
17732.0,7,19,-12
17734.0,3,19,-16
17738.0,8,19,-11
17742.0,30,19,11
17745.0,13,19,-6
17746.0,2,19,-17
17749.0,8,19,-11
17753.0,1,19,-18
17756.0,2,19,-17
17757.0,38,19,19
17758.0,6,19,-13
17760.0,5,19,-14
17765.0,1,19,-18
17766.0,4,19,-15
17769.0,6,19,-13
17774.0,1,19,-18
17776.0,2,19,-17
17785.0,1,19,-18
17790.0,3,19,-16
17792.0,1,19,-18
17796.0,12,19,-7
17797.0,7,19,-12
17804.0,2,19,-17
17807.0,1,19,-18
17808.0,1,19,-18
17810.0,4,19,-15
17812.0,4,19,-15
17817.0,1,19,-18
17819.0,1,19,-18
17820.0,1,19,-18
17822.0,3,19,-16
17823.0,6,19,-13
17829.0,2,19,-17
17838.0,31,19,12
17841.0,40,19,21
17845.0,1,19,-18
17850.0,638,19,619
17851.0,4,19,-15
17852.0,2,19,-17
17853.0,1,19,-18
17854.0,1,19,-18
17858.0,49,19,30
17860.0,4,19,-15
17862.0,2,19,-17
17863.0,2,19,-17
17865.0,20,19,1
17867.0,1,19,-18
17869.0,3,19,-16
17871.0,3,19,-16
17873.0,2,19,-17
17884.0,5,19,-14
17889.0,2,19,-17
17894.0,1,19,-18
17897.0,17,19,-2
17901.0,6,19,-13
17903.0,8,19,-11
17905.0,2,19,-17
17908.0,1,19,-18
17913.0,10,19,-9
17915.0,2,19,-17
17920.0,4,19,-15
17921.0,16,19,-3
17931.0,5,19,-14
17952.0,1,19,-18
17954.0,1,19,-18
17961.0,2,19,-17
17963.0,1,19,-18
17965.0,8,19,-11
17969.0,12,19,-7
17975.0,10,19,-9
17980.0,1,19,-18
17984.0,5,19,-14
17992.0,1,19,-18
17995.0,7,19,-12
17996.0,1,19,-18
17999.0,1,19,-18
18002.0,1,19,-18
18006.0,2,19,-17
18007.0,1,19,-18
18009.0,3,19,-16
18022.0,1,19,-18
18031.0,1,19,-18
18034.0,2,19,-17
18036.0,3,19,-16
18039.0,5,19,-14
18041.0,4,19,-15
18044.0,3,19,-16
18049.0,1,19,-18
18050.0,4,19,-15
18054.0,6,19,-13
18055.0,3,19,-16
18065.0,8,19,-11
18066.0,15,19,-4
18069.0,9,19,-10
18071.0,1,19,-18
18074.0,34,19,15
18075.0,28,19,9
18083.0,3,19,-16
18084.0,3,19,-16
18089.0,9,19,-10
18102.0,7154,19,7135
18106.0,18,19,-1
18107.0,1,19,-18
18108.0,8,19,-11
18109.0,26,19,7
18111.0,2,19,-17
18112.0,22,19,3
18116.0,5,19,-14
18128.0,4,19,-15
18140.0,1,19,-18
18144.0,24,19,5
18149.0,2,19,-17
18154.0,53,19,34
18160.0,4,19,-15
18162.0,12,19,-7
18163.0,10,19,-9
18168.0,18,19,-1
18170.0,22,19,3
18171.0,8,19,-11
18172.0,6,19,-13
18175.0,2,19,-17
18181.0,3,19,-16
18187.0,4,19,-15
18194.0,72,19,53
18199.0,2,19,-17
18201.0,2,19,-17
18203.0,3,19,-16
18207.0,2,19,-17
18208.0,5,19,-14
18219.0,10,19,-9
18220.0,2,19,-17
18225.0,9,19,-10
18226.0,74,19,55
18229.0,24,19,5
18231.0,40,19,21
18236.0,1,19,-18
18245.0,17,19,-2
18258.0,38,19,19
18260.0,28,19,9
18262.0,2,19,-17
18271.0,4,19,-15
